{"cameraMode":{"drawMode":0,"name":"Shaded","section":"Shading Mode"},"sceneLighting":false,"audioPlay":false,"sceneViewState":{"showFog":false,"showMaterialUpdate":false,"showSkybox":false,"showFlares":false,"showImageEffects":false,"showParticleSystems":false},"in2DMode":false,"pivot":{"x":1.853866457939148,"y":4.150582790374756,"z":-2.0255565643310549},"rotation":{"x":0.0695563554763794,"y":-0.4497359097003937,"z":0.03514757752418518,"w":0.8897769451141357},"size":2.649947166442871,"orthographic":false}