{"cameraMode":{"drawMode":0,"name":"Shaded","section":"Shading Mode"},"sceneLighting":false,"audioPlay":false,"sceneViewState":{"showFog":false,"showMaterialUpdate":false,"showSkybox":false,"showFlares":false,"showImageEffects":false,"showParticleSystems":false},"in2DMode":false,"pivot":{"x":-0.0000027418136596679689,"y":1.375,"z":0.5711876153945923},"rotation":{"x":-0.07243143767118454,"y":0.7206845283508301,"z":-0.0761767327785492,"w":-0.6852487325668335},"size":3.0949199199676515,"orthographic":false}