{"cameraMode":{"drawMode":0,"name":"Shaded","section":"Shading Mode"},"sceneLighting":false,"audioPlay":false,"sceneViewState":{"showFog":false,"showMaterialUpdate":false,"showSkybox":false,"showFlares":false,"showImageEffects":false,"showParticleSystems":false},"in2DMode":false,"pivot":{"x":-0.7189909815788269,"y":1.0774754285812379,"z":-0.003993661608546972},"rotation":{"x":-0.13574254512786866,"y":0.799842119216919,"z":-0.19726964831352235,"w":-0.5503764748573303},"size":2.2320361137390138,"orthographic":false}