{"cameraMode":{"drawMode":0,"name":"Shaded","section":"Shading Mode"},"sceneLighting":false,"audioPlay":false,"sceneViewState":{"showFog":false,"showMaterialUpdate":false,"showSkybox":false,"showFlares":false,"showImageEffects":false,"showParticleSystems":false},"in2DMode":false,"pivot":{"x":5.13810920715332,"y":1.0945608615875245,"z":0.43929505348205569},"rotation":{"x":-0.21345233917236329,"y":0.46342596411705019,"z":-0.11611589044332504,"w":-0.8522297739982605},"size":0.8660253882408142,"orthographic":false}