{"cameraMode":{"drawMode":0,"name":"Shaded","section":"Shading Mode"},"sceneLighting":false,"audioPlay":false,"sceneViewState":{"showFog":false,"showMaterialUpdate":false,"showSkybox":false,"showFlares":false,"showImageEffects":false,"showParticleSystems":false},"in2DMode":false,"pivot":{"x":4.550689697265625,"y":1.4765639305114747,"z":0.6909046769142151},"rotation":{"x":-0.11132694035768509,"y":0.6877932548522949,"z":-0.10796743631362915,"w":-0.7091644406318665},"size":0.000017320508050033823,"orthographic":false}