{"cameraMode":{"drawMode":0,"name":"Shaded","section":"Shading Mode"},"sceneLighting":false,"audioPlay":false,"sceneViewState":{"showFog":false,"showMaterialUpdate":false,"showSkybox":false,"showFlares":false,"showImageEffects":false,"showParticleSystems":false},"in2DMode":false,"pivot":{"x":0.0,"y":5.960464477539063e-8,"z":-0.033995628356933597},"rotation":{"x":0.012186875566840172,"y":0.687455415725708,"z":0.011549373157322407,"w":-0.7260499000549316},"size":0.5130720138549805,"orthographic":false}