{"cameraMode":{"drawMode":0,"name":"Shaded","section":"Shading Mode"},"sceneLighting":false,"audioPlay":false,"sceneViewState":{"showFog":false,"showMaterialUpdate":false,"showSkybox":false,"showFlares":false,"showImageEffects":false,"showParticleSystems":false},"in2DMode":false,"pivot":{"x":0.0019903182983398439,"y":0.46906042098999026,"z":-0.29819029569625857},"rotation":{"x":-0.09932973980903626,"y":0.7537373304367065,"z":-0.11716136336326599,"w":-0.6389925479888916},"size":1.857934832572937,"orthographic":false}