{"cameraMode":{"drawMode":0,"name":"Shaded","section":"Shading Mode"},"sceneLighting":false,"audioPlay":false,"sceneViewState":{"showFog":true,"showMaterialUpdate":false,"showSkybox":false,"showFlares":true,"showImageEffects":true,"showParticleSystems":true},"in2DMode":false,"pivot":{"x":0.0821990966796875,"y":0.5348858833312988,"z":-1.6459369659423829},"rotation":{"x":0.05028817057609558,"y":0.9388035535812378,"z":-0.3031160235404968,"w":0.15574567019939423},"size":23.677125930786134,"orthographic":false}