{"cameraMode":{"drawMode":0,"name":"Shaded","section":"Shading Mode"},"sceneLighting":false,"audioPlay":false,"sceneViewState":{"showFog":false,"showMaterialUpdate":false,"showSkybox":false,"showFlares":false,"showImageEffects":false,"showParticleSystems":false},"in2DMode":false,"pivot":{"x":10.407441139221192,"y":9.524260520935059,"z":-4.063292980194092},"rotation":{"x":0.24083781242370606,"y":-0.6304409503936768,"z":0.2150968462228775,"w":0.7058871984481812},"size":2.2159719467163088,"orthographic":false}