{"cameraMode":{"drawMode":0,"name":"Shaded","section":"Shading Mode"},"sceneLighting":false,"audioPlay":false,"sceneViewState":{"showFog":false,"showMaterialUpdate":false,"showSkybox":false,"showFlares":false,"showImageEffects":false,"showParticleSystems":false},"in2DMode":false,"pivot":{"x":25.58651351928711,"y":2.490000009536743,"z":11.460000038146973},"rotation":{"x":-0.2080402821302414,"y":0.6700754165649414,"z":-0.20420615375041963,"w":-0.6826571226119995},"size":5.646470069885254,"orthographic":false}