{"cameraMode":{"drawMode":0,"name":"Shaded","section":"Shading Mode"},"sceneLighting":false,"audioPlay":false,"sceneViewState":{"showFog":false,"showMaterialUpdate":false,"showSkybox":false,"showFlares":false,"showImageEffects":false,"showParticleSystems":false},"in2DMode":false,"pivot":{"x":-1.2847366333007813,"y":1.9617222547531129,"z":15.70144271850586},"rotation":{"x":-0.04935899004340172,"y":-0.7116714715957642,"z":-0.05025661364197731,"w":0.6989762187004089},"size":4.2663068771362309,"orthographic":false}