{"cameraMode":{"drawMode":0,"name":"Shaded","section":"Shading Mode"},"sceneLighting":false,"audioPlay":false,"sceneViewState":{"showFog":true,"showMaterialUpdate":false,"showSkybox":false,"showFlares":true,"showImageEffects":true,"showParticleSystems":true},"in2DMode":false,"pivot":{"x":0.1863880157470703,"y":0.8192567825317383,"z":-0.4747962951660156},"rotation":{"x":0.05028817057609558,"y":0.9388035535812378,"z":-0.3031160235404968,"w":0.15574567019939423},"size":35.111602783203128,"orthographic":false}