{"cameraMode":{"drawMode":0,"name":"Shaded","section":"Shading Mode"},"sceneLighting":false,"audioPlay":false,"sceneViewState":{"showFog":false,"showMaterialUpdate":false,"showSkybox":false,"showFlares":false,"showImageEffects":false,"showParticleSystems":false},"in2DMode":false,"pivot":{"x":0.24221716821193696,"y":0.08270134776830673,"z":0.22967256605625153},"rotation":{"x":0.13736525177955628,"y":0.8001232743263245,"z":-0.2003980129957199,"w":0.5484579205513},"size":2.649947166442871,"orthographic":false}