{"cameraMode":{"drawMode":0,"name":"Shaded","section":"Shading Mode"},"sceneLighting":false,"audioPlay":false,"sceneViewState":{"showFog":false,"showMaterialUpdate":false,"showSkybox":false,"showFlares":false,"showImageEffects":false,"showParticleSystems":false},"in2DMode":false,"pivot":{"x":1.5199623107910157,"y":1.8562694787979127,"z":2.903111457824707},"rotation":{"x":0.09690301865339279,"y":-0.9012095928192139,"z":0.26638320088386538,"w":0.32784029841423037},"size":0.5168882608413696,"orthographic":false}