{"cameraMode":{"drawMode":0,"name":"Shaded","section":"Shading Mode"},"sceneLighting":false,"audioPlay":false,"sceneViewState":{"showFog":false,"showMaterialUpdate":false,"showSkybox":false,"showFlares":false,"showImageEffects":false,"showParticleSystems":false},"in2DMode":false,"pivot":{"x":952.4501342773438,"y":539.533935546875,"z":6.312155246734619},"rotation":{"x":-0.2773325741291046,"y":0.05012083426117897,"z":-0.014489131979644299,"w":-0.9593603610992432},"size":1108.285400390625,"orthographic":false}