{"cameraMode":{"drawMode":0,"name":"Shaded","section":"Shading Mode"},"sceneLighting":false,"audioPlay":false,"sceneViewState":{"showFog":false,"showMaterialUpdate":false,"showSkybox":false,"showFlares":false,"showImageEffects":false,"showParticleSystems":false},"in2DMode":false,"pivot":{"x":0.020271778106689454,"y":1.014628291130066,"z":-0.0314100980758667},"rotation":{"x":-0.13904893398284913,"y":0.6664949059486389,"z":-0.1285252571105957,"w":-0.7210640907287598},"size":1.5232930183410645,"orthographic":false}