{"cameraMode":{"drawMode":0,"name":"Shaded","section":"Shading Mode"},"sceneLighting":false,"audioPlay":false,"sceneViewState":{"showFog":false,"showMaterialUpdate":false,"showSkybox":false,"showFlares":false,"showImageEffects":false,"showParticleSystems":false},"in2DMode":false,"pivot":{"x":0.04455298185348511,"y":0.5253575444221497,"z":0.17587314546108247},"rotation":{"x":-0.23647481203079225,"y":0.02389681711792946,"z":-0.005817732773721218,"w":-0.971327006816864},"size":0.8684810400009155,"orthographic":false}