{"cameraMode":{"drawMode":0,"name":"Shaded","section":"Shading Mode"},"sceneLighting":false,"audioPlay":false,"sceneViewState":{"showFog":false,"showMaterialUpdate":false,"showSkybox":false,"showFlares":false,"showImageEffects":false,"showParticleSystems":false},"in2DMode":false,"pivot":{"x":1.4535819292068482,"y":2.498938798904419,"z":1.2345927953720093},"rotation":{"x":-0.05327379330992699,"y":0.9388750791549683,"z":-0.16969245672225953,"w":-0.2947533428668976},"size":2.336287498474121,"orthographic":false}