{"cameraMode":{"drawMode":0,"name":"Shaded","section":"Shading Mode"},"sceneLighting":false,"audioPlay":false,"sceneViewState":{"showFog":false,"showMaterialUpdate":false,"showSkybox":false,"showFlares":false,"showImageEffects":false,"showParticleSystems":false},"in2DMode":false,"pivot":{"x":-0.40780046582221987,"y":-0.025973260402679445,"z":-0.24928626418113709},"rotation":{"x":-0.03779434412717819,"y":-0.5662674307823181,"z":0.02601476013660431,"w":-0.8229504227638245},"size":0.659761369228363,"orthographic":false}