{"cameraMode":{"drawMode":0,"name":"Shaded","section":"Shading Mode"},"sceneLighting":false,"audioPlay":false,"sceneViewState":{"showFog":false,"showMaterialUpdate":false,"showSkybox":false,"showFlares":false,"showImageEffects":false,"showParticleSystems":false},"in2DMode":false,"pivot":{"x":1.1762914657592774,"y":1.5381238460540772,"z":-3.050724506378174},"rotation":{"x":-0.08843082189559937,"y":0.15976200997829438,"z":-0.014366007409989834,"w":-0.9830942749977112},"size":0.000017320508050033823,"orthographic":false}