{"cameraMode":{"drawMode":0,"name":"Shaded","section":"Shading Mode"},"sceneLighting":false,"audioPlay":false,"sceneViewState":{"showFog":false,"showMaterialUpdate":false,"showSkybox":false,"showFlares":false,"showImageEffects":false,"showParticleSystems":false},"in2DMode":false,"pivot":{"x":-0.9818826913833618,"y":2.200198173522949,"z":3.026082992553711},"rotation":{"x":0.2729010283946991,"y":0.2872835397720337,"z":-0.08576696366071701,"w":0.9141474962234497},"size":2.535834789276123,"orthographic":false}