{"cameraMode":{"drawMode":0,"name":"Shaded","section":"Shading Mode"},"sceneLighting":false,"audioPlay":false,"sceneViewState":{"showFog":false,"showMaterialUpdate":false,"showSkybox":false,"showFlares":false,"showImageEffects":false,"showParticleSystems":false},"in2DMode":false,"pivot":{"x":0.04423809051513672,"y":1.171101689338684,"z":0.04883730411529541},"rotation":{"x":-0.09932973980903626,"y":0.7537373304367065,"z":-0.11716136336326599,"w":-0.6389925479888916},"size":1.9390625953674317,"orthographic":false}