{"cameraMode":{"drawMode":0,"name":"Shaded","section":"Shading Mode"},"sceneLighting":false,"audioPlay":false,"sceneViewState":{"showFog":false,"showMaterialUpdate":false,"showSkybox":false,"showFlares":false,"showImageEffects":false,"showParticleSystems":false},"in2DMode":false,"pivot":{"x":-0.6797041893005371,"y":0.986566424369812,"z":-2.36860728263855},"rotation":{"x":0.012186875566840172,"y":0.687455415725708,"z":0.011549373157322407,"w":-0.7260499000549316},"size":1.379753828048706,"orthographic":false}