{"cameraMode":{"drawMode":0,"name":"Shaded","section":"Shading Mode"},"sceneLighting":false,"audioPlay":false,"sceneViewState":{"showFog":false,"showMaterialUpdate":false,"showSkybox":false,"showFlares":false,"showImageEffects":false,"showParticleSystems":false},"in2DMode":false,"pivot":{"x":-0.3174861669540405,"y":1.3502603769302369,"z":0.06003326177597046},"rotation":{"x":-0.3900846838951111,"y":0.018779732286930085,"z":-0.007957831025123597,"w":-0.9205566644668579},"size":1.2702486515045167,"orthographic":false}