{"cameraMode":{"drawMode":0,"name":"Shaded","section":"Shading Mode"},"sceneLighting":false,"audioPlay":false,"sceneViewState":{"showFog":false,"showMaterialUpdate":false,"showSkybox":false,"showFlares":false,"showImageEffects":false,"showParticleSystems":false},"in2DMode":false,"pivot":{"x":-0.3976401388645172,"y":0.41479620337486269,"z":-0.25874078273773196},"rotation":{"x":-0.009424621239304543,"y":0.9773889183998108,"z":-0.044609054923057559,"w":-0.20648320019245149},"size":0.8684810400009155,"orthographic":false}