{"cameraMode":{"drawMode":0,"name":"Shaded","section":"Shading Mode"},"sceneLighting":false,"audioPlay":false,"sceneViewState":{"showFog":false,"showMaterialUpdate":false,"showSkybox":false,"showFlares":false,"showImageEffects":false,"showParticleSystems":false},"in2DMode":false,"pivot":{"x":0.03395247459411621,"y":1.33879554271698,"z":-0.0022066831588745119},"rotation":{"x":-0.3900846838951111,"y":0.018779732286930085,"z":-0.007957831025123597,"w":-0.9205566644668579},"size":2.1305010318756105,"orthographic":false}