{"cameraMode":{"drawMode":0,"name":"Shaded","section":"Shading Mode"},"sceneLighting":false,"audioPlay":false,"sceneViewState":{"showFog":false,"showMaterialUpdate":false,"showSkybox":false,"showFlares":false,"showImageEffects":false,"showParticleSystems":false},"in2DMode":false,"pivot":{"x":-5.960464477539063e-8,"y":1.5181351900100709,"z":0.0004355311393737793},"rotation":{"x":-0.11006879806518555,"y":0.6945948004722595,"z":-0.10881327092647553,"w":-0.7025614976882935},"size":1.9193074703216553,"orthographic":false}