{"cameraMode":{"drawMode":0,"name":"Shaded","section":"Shading Mode"},"sceneLighting":false,"audioPlay":false,"sceneViewState":{"showFog":false,"showMaterialUpdate":false,"showSkybox":false,"showFlares":false,"showImageEffects":false,"showParticleSystems":false},"in2DMode":false,"pivot":{"x":4.634406089782715,"y":1.7783406972885132,"z":4.4755754470825199},"rotation":{"x":-0.0006453411187976599,"y":-0.6968516707420349,"z":-0.0006274105398915708,"w":0.7172161340713501},"size":5.4024271965026859,"orthographic":false}