{"cameraMode":{"drawMode":0,"name":"Shaded","section":"Shading Mode"},"sceneLighting":true,"audioPlay":false,"sceneViewState":{"showFog":false,"showMaterialUpdate":false,"showSkybox":false,"showFlares":false,"showImageEffects":false,"showParticleSystems":false},"in2DMode":false,"pivot":{"x":-13.517836570739746,"y":-10.054524421691895,"z":20.390796661376954},"rotation":{"x":-0.13551773130893708,"y":0.6575976610183716,"z":-0.12191259860992432,"w":-0.7309842705726624},"size":26.702722549438478,"orthographic":false}