{"cameraMode":{"drawMode":0,"name":"Shaded","section":"Shading Mode"},"sceneLighting":false,"audioPlay":false,"sceneViewState":{"showFog":false,"showMaterialUpdate":false,"showSkybox":false,"showFlares":false,"showImageEffects":false,"showParticleSystems":false},"in2DMode":false,"pivot":{"x":0.0,"y":5.960464477539063e-8,"z":0.05546367168426514},"rotation":{"x":-0.23848487436771394,"y":0.6092169284820557,"z":-0.19912490248680116,"w":-0.7296286821365356},"size":0.43897587060928347,"orthographic":false}